Entity,Code,Year,15.1.1 - Forest area as a proportion of total land area - AG_LND_FRST - Percent (%)
Afghanistan,AFG,1990,2.07
Afghanistan,AFG,2000,2.07
Afghanistan,AFG,2005,2.07
Afghanistan,AFG,2010,2.07
Afghanistan,AFG,2015,2.07
Albania,ALB,1990,28.79
Albania,ALB,2000,28.08
Albania,ALB,2005,28.55
Albania,ALB,2010,28.33
Albania,ALB,2015,28.16
Algeria,DZA,1990,0.7
Algeria,DZA,2000,0.66
Algeria,DZA,2005,0.64
Algeria,DZA,2010,0.81
Algeria,DZA,2015,0.82
American Samoa,ASM,1990,91.94
American Samoa,ASM,2000,90.25
American Samoa,ASM,2005,89.41
American Samoa,ASM,2010,88.56
American Samoa,ASM,2015,87.72
Andorra,AND,1990,34.04
Andorra,AND,2000,34.04
Andorra,AND,2005,34.04
Andorra,AND,2010,34.04
Andorra,AND,2015,34.04
Angola,AGO,1990,48.91
Angola,AGO,2000,47.91
Angola,AGO,2005,47.41
Angola,AGO,2010,46.91
Angola,AGO,2015,46.41
Anguilla,AIA,1990,61.11
Anguilla,AIA,2000,61.11
Anguilla,AIA,2005,61.11
Anguilla,AIA,2010,61.11
Anguilla,AIA,2015,61.11
Antigua and Barbuda,ATG,1990,23.41
Antigua and Barbuda,ATG,2000,22.73
Antigua and Barbuda,ATG,2005,22.27
Antigua and Barbuda,ATG,2010,22.27
Antigua and Barbuda,ATG,2015,22.27
Argentina,ARG,1990,12.71
Argentina,ARG,2000,11.64
Argentina,ARG,2005,11.03
Argentina,ARG,2010,10.45
Argentina,ARG,2015,9.91
Armenia,ARM,1990,11.88
Armenia,ARM,2000,11.81
Armenia,ARM,2005,11.77
Armenia,ARM,2010,11.74
Armenia,ARM,2015,11.77
Aruba,ABW,1990,2.33
Aruba,ABW,2000,2.33
Aruba,ABW,2005,2.33
Aruba,ABW,2010,2.33
Aruba,ABW,2015,2.33
Australia,AUS,1990,16.73
Australia,AUS,2000,16.77
Australia,AUS,2005,16.61
Australia,AUS,2010,16.04
Australia,AUS,2015,16.24
Australia and New Zealand,,1990,17.39
Australia and New Zealand,,2000,17.49
Australia and New Zealand,,2005,17.35
Australia and New Zealand,,2010,16.78
Australia and New Zealand,,2015,16.98
Austria,AUT,1990,45.81
Austria,AUT,2000,46.56
Austria,AUT,2005,46.72
Austria,AUT,2010,46.82
Austria,AUT,2015,46.93
Azerbaijan,AZE,1990,10.31
Azerbaijan,AZE,2000,10.55
Azerbaijan,AZE,2005,10.61
Azerbaijan,AZE,2010,12.2
Azerbaijan,AZE,2015,13.78
Bahamas,BHS,1990,51.45
Bahamas,BHS,2000,51.45
Bahamas,BHS,2005,51.45
Bahamas,BHS,2010,51.45
Bahamas,BHS,2015,51.45
Bahrain,BHR,1990,0.28
Bahrain,BHR,2000,0.49
Bahrain,BHR,2005,0.59
Bahrain,BHR,2010,0.69
Bahrain,BHR,2015,0.79
Bangladesh,BGD,1990,11.48
Bangladesh,BGD,2000,11.28
Bangladesh,BGD,2005,11.18
Bangladesh,BGD,2010,11.08
Bangladesh,BGD,2015,10.98
Barbados,BRB,1990,14.65
Barbados,BRB,2000,14.65
Barbados,BRB,2005,14.65
Barbados,BRB,2010,14.65
Barbados,BRB,2015,14.65
Belarus,BLR,1990,37.5
Belarus,BLR,2000,39.87
Belarus,BLR,2005,40.66
Belarus,BLR,2010,41.13
Belarus,BLR,2015,41.61
Belgium,BEL,1990,22.37
Belgium,BEL,2000,22.04
Belgium,BEL,2005,22.27
Belgium,BEL,2010,22.5
Belgium,BEL,2015,22.57
Belize,BLZ,1990,70.85
Belize,BLZ,2000,63.98
Belize,BLZ,2005,62.1
Belize,BLZ,2010,61
Belize,BLZ,2015,59.9
Benin,BEN,1990,52.08
Benin,BEN,2000,45.75
Benin,BEN,2005,43.49
Benin,BEN,2010,41.23
Benin,BEN,2015,38.97
Bermuda,BMU,1990,20
Bermuda,BMU,2000,20
Bermuda,BMU,2005,20
Bermuda,BMU,2010,20
Bermuda,BMU,2015,20
Bhutan,BTN,1990,65.76
Bhutan,BTN,2000,68.36
Bhutan,BTN,2005,69.66
Bhutan,BTN,2010,70.97
Bhutan,BTN,2015,72.27
Bolivia,BOL,1990,57.97
Bolivia,BOL,2000,55.47
Bolivia,BOL,2005,54.22
Bolivia,BOL,2010,51.89
Bolivia,BOL,2015,50.55
Bosnia and Herzegovina,BIH,1990,43.33
Bosnia and Herzegovina,BIH,2000,42.84
Bosnia and Herzegovina,BIH,2005,42.84
Bosnia and Herzegovina,BIH,2010,42.84
Bosnia and Herzegovina,BIH,2015,42.84
Botswana,BWA,1990,24.21
Botswana,BWA,2000,22.12
Botswana,BWA,2005,21.07
Botswana,BWA,2010,20.03
Botswana,BWA,2015,19.13
Brazil,BRA,1990,65.41
Brazil,BRA,2000,62.37
Brazil,BRA,2005,60.63
Brazil,BRA,2010,59.64
Brazil,BRA,2015,59.05
British Virgin Islands,VGB,1990,24.73
British Virgin Islands,VGB,2000,24.47
British Virgin Islands,VGB,2005,24.4
British Virgin Islands,VGB,2010,24.27
British Virgin Islands,VGB,2015,24.13
Brunei,BRN,1990,78.37
Brunei,BRN,2000,75.33
Brunei,BRN,2005,73.81
Brunei,BRN,2010,72.11
Brunei,BRN,2015,72.11
Bulgaria,BGR,1990,30.65
Bulgaria,BGR,2000,31.09
Bulgaria,BGR,2005,33.63
Bulgaria,BGR,2010,34.42
Bulgaria,BGR,2015,35.22
Burkina Faso,BFA,1990,25.03
Burkina Faso,BFA,2000,22.84
Burkina Faso,BFA,2005,21.74
Burkina Faso,BFA,2010,20.65
Burkina Faso,BFA,2015,19.55
Burundi,BDI,1990,11.25
Burundi,BDI,2000,7.71
Burundi,BDI,2005,7.05
Burundi,BDI,2010,9.85
Burundi,BDI,2015,10.75
Cambodia,KHM,1990,73.33
Cambodia,KHM,2000,65.41
Cambodia,KHM,2005,60.79
Cambodia,KHM,2010,57.18
Cambodia,KHM,2015,53.57
Cameroon,CMR,1990,51.44
Cameroon,CMR,2000,46.79
Cameroon,CMR,2005,44.46
Cameroon,CMR,2010,42.13
Cameroon,CMR,2015,39.8
Canada,CAN,1990,38.3
Canada,CAN,2000,38.25
Canada,CAN,2005,38.22
Canada,CAN,2010,38.19
Canada,CAN,2015,38.17
Cape Verde,CPV,1990,14.33
Cape Verde,CPV,2000,20.37
Cape Verde,CPV,2005,20.74
Cape Verde,CPV,2010,21.11
Cape Verde,CPV,2015,22.31
Caribbean,,1990,22.27
Caribbean,,2000,26.25
Caribbean,,2005,28.15
Caribbean,,2010,29.94
Caribbean,,2015,31.94
Cayman Islands,CYM,1990,52.92
Cayman Islands,CYM,2000,52.92
Cayman Islands,CYM,2005,52.92
Cayman Islands,CYM,2010,52.92
Cayman Islands,CYM,2015,52.92
Central African Republic,CAF,1990,36.21
Central African Republic,CAF,2000,35.96
Central African Republic,CAF,2005,35.84
Central African Republic,CAF,2010,35.71
Central African Republic,CAF,2015,35.59
Central America,,1990,39.46
Central America,,2000,37.23
Central America,,2005,36.41
Central America,,2010,35.68
Central America,,2015,35.19
Central Asia,,1990,3
Central Asia,,2000,3.04
Central Asia,,2005,3.06
Central Asia,,2010,2.99
Central Asia,,2015,2.97
Central and Southern Asia,,1990,9.45
Central and Southern Asia,,2000,9.5
Central and Southern Asia,,2005,9.81
Central and Southern Asia,,2010,9.96
Central and Southern Asia,,2015,10.02
Chad,TCD,1990,5.32
Chad,TCD,2000,5.02
Chad,TCD,2005,4.88
Chad,TCD,2010,4.37
Chad,TCD,2015,3.87
Chile,CHL,1990,20.53
Chile,CHL,2000,21.3
Chile,CHL,2005,21.58
Chile,CHL,2010,21.83
Chile,CHL,2015,23.85
China,CHN,1990,16.67
China,CHN,2000,18.78
China,CHN,2005,20.48
China,CHN,2010,21.28
China,CHN,2015,22.1
Colombia,COL,1990,58.06
Colombia,COL,2000,55.7
Colombia,COL,2005,54.26
Colombia,COL,2010,52.85
Colombia,COL,2015,52.73
Comoros,COM,1990,26.34
Comoros,COM,2000,24.19
Comoros,COM,2005,22.58
Comoros,COM,2010,20.97
Comoros,COM,2015,19.89
Congo,COG,1990,66.55
Congo,COG,2000,66.05
Congo,COG,2005,65.8
Congo,COG,2010,65.63
Congo,COG,2015,65.4
Cook Islands,COK,1990,61.02
Cook Islands,COK,2000,63.98
Cook Islands,COK,2005,63.98
Cook Islands,COK,2010,63.98
Cook Islands,COK,2015,63.98
Costa Rica,CRI,1990,50.22
Costa Rica,CRI,2000,46.53
Costa Rica,CRI,2005,48.79
Costa Rica,CRI,2010,51.02
Costa Rica,CRI,2015,53.98
Cote d'Ivoire,CIV,1990,32.14
Cote d'Ivoire,CIV,2000,32.48
Cote d'Ivoire,CIV,2005,32.72
Cote d'Ivoire,CIV,2010,32.71
Cote d'Ivoire,CIV,2015,32.71
Croatia,HRV,1990,33.06
Croatia,HRV,2000,33.68
Croatia,HRV,2005,34.01
Croatia,HRV,2010,34.31
Croatia,HRV,2015,34.35
Cuba,CUB,1990,19.33
Cuba,CUB,2000,22.88
Cuba,CUB,2005,25.34
Cuba,CUB,2010,27.55
Cuba,CUB,2015,30.06
Cyprus,CYP,1990,17.43
Cyprus,CYP,2000,18.57
Cyprus,CYP,2005,18.7
Cyprus,CYP,2010,18.7
Cyprus,CYP,2015,18.69
Czech Republic,CZE,1990,34.05
Czech Republic,CZE,2000,34.15
Czech Republic,CZE,2005,34.28
Czech Republic,CZE,2010,34.41
Czech Republic,CZE,2015,34.54
Democratic Republic of Congo,COD,1990,70.74
Democratic Republic of Congo,COD,2000,69.36
Democratic Republic of Congo,COD,2005,68.68
Democratic Republic of Congo,COD,2010,67.99
Democratic Republic of Congo,COD,2015,67.3
Denmark,DNK,1990,12.8
Denmark,DNK,2000,13.8
Denmark,DNK,2005,13.14
Denmark,DNK,2010,13.84
Denmark,DNK,2015,14.43
Djibouti,DJI,1990,0.24
Djibouti,DJI,2000,0.24
Djibouti,DJI,2005,0.24
Djibouti,DJI,2010,0.24
Djibouti,DJI,2015,0.24
Dominica,DMA,1990,66.67
Dominica,DMA,2000,63.11
Dominica,DMA,2005,61.32
Dominica,DMA,2010,59.55
Dominica,DMA,2015,57.77
Dominican Republic,DOM,1990,22.87
Dominican Republic,DOM,2000,30.75
Dominican Republic,DOM,2005,34.19
Dominican Republic,DOM,2010,37.6
Dominican Republic,DOM,2015,41.04
Eastern Africa,,1990,34.54
Eastern Africa,,2000,32.11
Eastern Africa,,2005,31.09
Eastern Africa,,2010,29.98
Eastern Africa,,2015,29.08
Eastern Asia,,1990,18.1
Eastern Asia,,2000,19.62
Eastern Asia,,2005,20.92
Eastern Asia,,2010,21.67
Eastern Asia,,2015,22.23
Eastern Europe,,1990,47.14
Eastern Europe,,2000,47.22
Eastern Europe,,2005,47.24
Eastern Europe,,2010,47.61
Eastern Europe,,2015,47.65
Eastern and South-Eastern Asia,,1990,28.54
Eastern and South-Eastern Asia,,2000,28.32
Eastern and South-Eastern Asia,,2005,29.02
Eastern and South-Eastern Asia,,2010,29.41
Eastern and South-Eastern Asia,,2015,29.58
Ecuador,ECU,1990,58.91
Ecuador,ECU,2000,55.28
Ecuador,ECU,2005,53.69
Ecuador,ECU,2010,52.11
Ecuador,ECU,2015,50.52
Egypt,EGY,1990,0.04
Egypt,EGY,2000,0.06
Egypt,EGY,2005,0.07
Egypt,EGY,2010,0.07
Egypt,EGY,2015,0.07
El Salvador,SLV,1990,18.19
El Salvador,SLV,2000,16.02
El Salvador,SLV,2005,14.91
El Salvador,SLV,2010,13.85
El Salvador,SLV,2015,12.79
Equatorial Guinea,GNQ,1990,66.31
Equatorial Guinea,GNQ,2000,62.14
Equatorial Guinea,GNQ,2005,60.07
Equatorial Guinea,GNQ,2010,57.97
Equatorial Guinea,GNQ,2015,55.9
Eritrea,ERI,1990,16.05
Eritrea,ERI,2000,15.6
Eritrea,ERI,2005,15.39
Eritrea,ERI,2010,15.17
Eritrea,ERI,2015,14.95
Estonia,EST,1990,52.04
Estonia,EST,2000,52.91
Estonia,EST,2005,53.13
Estonia,EST,2010,52.7
Estonia,EST,2015,52.65
Ethiopia,ETH,1990,13.79
Ethiopia,ETH,2000,12.5
Ethiopia,ETH,2005,11.86
Ethiopia,ETH,2010,11.22
Ethiopia,ETH,2015,11.4
Europe,,1990,44.91
Europe,,2000,45.27
Europe,,2005,45.36
Europe,,2010,45.78
Europe,,2015,45.87
Europe and Northern America,,1990,40.31
Europe and Northern America,,2000,40.52
Europe and Northern America,,2005,40.59
Europe and Northern America,,2010,40.92
Europe and Northern America,,2015,40.99
Faeroe Islands,FRO,1990,0.06
Faeroe Islands,FRO,2000,0.06
Faeroe Islands,FRO,2005,0.06
Faeroe Islands,FRO,2010,0.06
Faeroe Islands,FRO,2015,0.06
Falkland Islands,FLK,1990,0
Falkland Islands,FLK,2000,0
Falkland Islands,FLK,2005,0
Falkland Islands,FLK,2010,0
Falkland Islands,FLK,2015,0
Fiji,FJI,1990,52.16
Fiji,FJI,2000,53.66
Fiji,FJI,2005,54.58
Fiji,FJI,2010,54.35
Fiji,FJI,2015,55.68
Finland,FIN,1990,71.98
Finland,FIN,2000,73.86
Finland,FIN,2005,72.86
Finland,FIN,2010,73.11
Finland,FIN,2015,73.11
France,FRA,1990,26.36
France,FRA,2000,27.92
France,FRA,2005,28.96
France,FRA,2010,29.99
France,FRA,2015,31.02
French Guiana,GUF,1990,99.71
French Guiana,GUF,2000,99.27
French Guiana,GUF,2005,99.1
French Guiana,GUF,2010,98.74
French Guiana,GUF,2015,98.64
French Polynesia,PYF,1990,15.03
French Polynesia,PYF,2000,28.69
French Polynesia,PYF,2005,35.52
French Polynesia,PYF,2010,42.35
French Polynesia,PYF,2015,42.35
Gabon,GAB,1990,85.38
Gabon,GAB,2000,85.38
Gabon,GAB,2005,85.38
Gabon,GAB,2010,85.38
Gabon,GAB,2015,89.26
Gambia,GMB,1990,44.2
Gambia,GMB,2000,46.1
Gambia,GMB,2005,47.1
Gambia,GMB,2010,48
Gambia,GMB,2015,48.8
Georgia,GEO,1990,39.61
Georgia,GEO,2000,39.73
Georgia,GEO,2005,39.9
Georgia,GEO,2010,40.62
Georgia,GEO,2015,40.62
Germany,DEU,1990,32.41
Germany,DEU,2000,32.57
Germany,DEU,2005,32.66
Germany,DEU,2010,32.73
Germany,DEU,2015,32.76
Ghana,GHA,1990,37.91
Ghana,GHA,2000,39.15
Ghana,GHA,2005,39.79
Ghana,GHA,2010,40.41
Ghana,GHA,2015,41.03
Gibraltar,GIB,1990,0
Gibraltar,GIB,2000,0
Gibraltar,GIB,2005,0
Gibraltar,GIB,2010,0
Gibraltar,GIB,2015,0
Greece,GRC,1990,25.59
Greece,GRC,2000,27.94
Greece,GRC,2005,29.11
Greece,GRC,2010,30.28
Greece,GRC,2015,31.45
Greenland,GRL,1990,0
Greenland,GRL,2000,0
Greenland,GRL,2005,0
Greenland,GRL,2010,0
Greenland,GRL,2015,0
Grenada,GRD,1990,49.97
Grenada,GRD,2000,49.97
Grenada,GRD,2005,49.97
Grenada,GRD,2010,49.97
Grenada,GRD,2015,49.97
Guadeloupe,GLP,1990,43.56
Guadeloupe,GLP,2000,43.46
Guadeloupe,GLP,2005,43.36
Guadeloupe,GLP,2010,42.65
Guadeloupe,GLP,2015,42.53
Guam,GUM,1990,46.3
Guam,GUM,2000,46.3
Guam,GUM,2005,46.3
Guam,GUM,2010,46.3
Guam,GUM,2015,46.3
Guatemala,GTM,1990,44.31
Guatemala,GTM,2000,39.27
Guatemala,GTM,2005,36.75
Guatemala,GTM,2010,34.73
Guatemala,GTM,2015,33.03
Guernsey,GGY,1990,2.56
Guernsey,GGY,2000,2.56
Guernsey,GGY,2005,2.56
Guernsey,GGY,2010,2.56
Guernsey,GGY,2015,2.56
Guinea,GIN,1990,29.56
Guinea,GIN,2000,28.1
Guinea,GIN,2005,27.36
Guinea,GIN,2010,26.63
Guinea,GIN,2015,25.9
Guinea-Bissau,GNB,1990,78.81
Guinea-Bissau,GNB,2000,75.39
Guinea-Bissau,GNB,2005,73.68
Guinea-Bissau,GNB,2010,71.91
Guinea-Bissau,GNB,2015,70.13
Guyana,GUY,1990,84.63
Guyana,GUY,2000,84.44
Guyana,GUY,2005,84.34
Guyana,GUY,2010,84.21
Guyana,GUY,2015,83.95
Haiti,HTI,1990,4.21
Haiti,HTI,2000,3.96
Haiti,HTI,2005,3.81
Haiti,HTI,2010,3.66
Haiti,HTI,2015,3.52
Honduras,HND,1990,72.71
Honduras,HND,2000,57.13
Honduras,HND,2005,51.77
Honduras,HND,2010,46.4
Honduras,HND,2015,41.04
Hungary,HUN,1990,19.73
Hungary,HUN,2000,21
Hungary,HUN,2005,21.73
Hungary,HUN,2010,22.42
Hungary,HUN,2015,22.67
Iceland,ISL,1990,0.16
Iceland,ISL,2000,0.29
Iceland,ISL,2005,0.36
Iceland,ISL,2010,0.43
Iceland,ISL,2015,0.49
India,IND,1990,21.51
India,IND,2000,21.99
India,IND,2005,22.77
India,IND,2010,23.47
India,IND,2015,23.77
Indonesia,IDN,1990,68.98
Indonesia,IDN,2000,57.84
Indonesia,IDN,2005,56.94
Indonesia,IDN,2010,54.95
Indonesia,IDN,2015,52.96
Iran,IRN,1990,4.91
Iran,IRN,2000,5.05
Iran,IRN,2005,5.79
Iran,IRN,2010,5.79
Iran,IRN,2015,5.79
Iraq,IRQ,1990,1.85
Iraq,IRQ,2000,1.88
Iraq,IRQ,2005,1.9
Iraq,IRQ,2010,1.9
Iraq,IRQ,2015,1.9
Ireland,IRL,1990,6.75
Ireland,IRL,2000,9.22
Ireland,IRL,2005,10.09
Ireland,IRL,2010,10.53
Ireland,IRL,2015,10.95
Isle of Man,IMN,1990,6.06
Isle of Man,IMN,2000,6.06
Isle of Man,IMN,2005,6.06
Isle of Man,IMN,2010,6.06
Isle of Man,IMN,2015,6.06
Israel,ISR,1990,6.1
Israel,ISR,2000,7.07
Israel,ISR,2005,7.16
Israel,ISR,2010,7.12
Israel,ISR,2015,7.62
Italy,ITA,1990,25.8
Italy,ITA,2000,28.45
Italy,ITA,2005,29.78
Italy,ITA,2010,30.69
Italy,ITA,2015,31.61
Jamaica,JAM,1990,31.82
Jamaica,JAM,2000,31.48
Jamaica,JAM,2005,31.32
Jamaica,JAM,2010,31.13
Jamaica,JAM,2015,30.95
Japan,JPN,1990,68.45
Japan,JPN,2000,68.25
Japan,JPN,2005,68.41
Japan,JPN,2010,68.49
Japan,JPN,2015,68.47
Jersey,JEY,1990,5.22
Jersey,JEY,2000,5.22
Jersey,JEY,2005,5.22
Jersey,JEY,2010,5.22
Jersey,JEY,2015,5.22
Jordan,JOR,1990,1.1
Jordan,JOR,2000,1.1
Jordan,JOR,2005,1.1
Jordan,JOR,2010,1.1
Jordan,JOR,2015,1.1
Kazakhstan,KAZ,1990,1.27
Kazakhstan,KAZ,2000,1.25
Kazakhstan,KAZ,2005,1.24
Kazakhstan,KAZ,2010,1.23
Kazakhstan,KAZ,2015,1.23
Kenya,KEN,1990,8.3
Kenya,KEN,2000,6.25
Kenya,KEN,2005,7.11
Kenya,KEN,2010,7.43
Kenya,KEN,2015,7.75
Kiribati,KIR,1990,15
Kiribati,KIR,2000,15
Kiribati,KIR,2005,15
Kiribati,KIR,2010,15
Kiribati,KIR,2015,15
Kuwait,KWT,1990,0.19
Kuwait,KWT,2000,0.27
Kuwait,KWT,2005,0.31
Kuwait,KWT,2010,0.35
Kuwait,KWT,2015,0.35
Kyrgyzstan,KGZ,1990,4.38
Kyrgyzstan,KGZ,2000,4.49
Kyrgyzstan,KGZ,2005,4.55
Kyrgyzstan,KGZ,2010,3.54
Kyrgyzstan,KGZ,2015,3.33
Landlocked developing countries,,1990,18.15
Landlocked developing countries,,2000,17.05
Landlocked developing countries,,2005,16.59
Landlocked developing countries,,2010,16.15
Landlocked developing countries,,2015,15.71
Laos,LAO,1990,76.45
Laos,LAO,2000,71.6
Laos,LAO,2005,73.09
Laos,LAO,2010,77.19
Laos,LAO,2015,81.29
Latin America and the Caribbean,,1990,51.26
Latin America and the Caribbean,,2000,49.05
Latin America and the Caribbean,,2005,47.87
Latin America and the Caribbean,,2010,46.98
Latin America and the Caribbean,,2015,46.44
Latvia,LVA,1990,51.01
Latvia,LVA,2000,52.11
Latvia,LVA,2005,53.01
Latvia,LVA,2010,53.92
Latvia,LVA,2015,53.95
Least developed countries,,1990,30.29
Least developed countries,,2000,28.77
Least developed countries,,2005,28.11
Least developed countries,,2010,27.47
Least developed countries,,2015,26.87
Lebanon,LBN,1990,12.81
Lebanon,LBN,2000,12.81
Lebanon,LBN,2005,13.34
Lebanon,LBN,2010,13.38
Lebanon,LBN,2015,13.42
Lesotho,LSO,1990,1.32
Lesotho,LSO,2000,1.38
Lesotho,LSO,2005,1.42
Lesotho,LSO,2010,1.45
Lesotho,LSO,2015,1.61
Liberia,LBR,1990,51.17
Liberia,LBR,2000,48.06
Liberia,LBR,2005,46.5
Liberia,LBR,2010,44.94
Liberia,LBR,2015,43.39
Libya,LBY,1990,0.12
Libya,LBY,2000,0.12
Libya,LBY,2005,0.12
Libya,LBY,2010,0.12
Libya,LBY,2015,0.12
Liechtenstein,LIE,1990,40.63
Liechtenstein,LIE,2000,43.13
Liechtenstein,LIE,2005,43.13
Liechtenstein,LIE,2010,43.13
Liechtenstein,LIE,2015,43.13
Lithuania,LTU,1990,31.03
Lithuania,LTU,2000,32.23
Lithuania,LTU,2005,33.84
Lithuania,LTU,2010,34.62
Lithuania,LTU,2015,34.78
Luxembourg,LUX,1990,33.13
Luxembourg,LUX,2000,33.47
Luxembourg,LUX,2005,33.47
Luxembourg,LUX,2010,33.47
Luxembourg,LUX,2015,33.47
Macedonia,MKD,1990,36.16
Macedonia,MKD,2000,37.99
Macedonia,MKD,2005,38.66
Macedonia,MKD,2010,39.57
Macedonia,MKD,2015,39.57
Madagascar,MDG,1990,23.54
Madagascar,MDG,2000,22.39
Madagascar,MDG,2005,22.08
Madagascar,MDG,2010,21.59
Madagascar,MDG,2015,21.45
Malawi,MWI,1990,41.32
Malawi,MWI,2000,37.83
Malawi,MWI,2005,36.08
Malawi,MWI,2010,34.33
Malawi,MWI,2015,33.38
Malaysia,MYS,1990,68.11
Malaysia,MYS,2000,65.72
Malaysia,MYS,2005,63.58
Malaysia,MYS,2010,67.34
Malaysia,MYS,2015,67.55
Maldives,MDV,1990,3.33
Maldives,MDV,2000,3.33
Maldives,MDV,2005,3.33
Maldives,MDV,2010,3.33
Maldives,MDV,2015,3.33
Mali,MLI,1990,5.48
Mali,MLI,2000,4.84
Mali,MLI,2005,4.51
Mali,MLI,2010,4.19
Mali,MLI,2015,3.86
Malta,MLT,1990,1.08
Malta,MLT,2000,1.08
Malta,MLT,2005,1.08
Malta,MLT,2010,1.08
Malta,MLT,2015,1.08
Marshall Islands,MHL,1990,70.2
Marshall Islands,MHL,2000,70.2
Marshall Islands,MHL,2005,70.2
Marshall Islands,MHL,2010,70.2
Marshall Islands,MHL,2015,70.2
Martinique,MTQ,1990,45.75
Martinique,MTQ,2000,45.75
Martinique,MTQ,2005,45.75
Martinique,MTQ,2010,45.75
Martinique,MTQ,2015,45.75
Mauritania,MRT,1990,0.4
Mauritania,MRT,2000,0.31
Mauritania,MRT,2005,0.26
Mauritania,MRT,2010,0.23
Mauritania,MRT,2015,0.22
Mauritius,MUS,1990,20.45
Mauritius,MUS,2000,20.85
Mauritius,MUS,2005,19
Mauritius,MUS,2010,19.1
Mauritius,MUS,2015,19.2
Mayotte,MYT,1990,28.45
Mayotte,MYT,2000,23.28
Mayotte,MYT,2005,20.69
Mayotte,MYT,2010,18.11
Mayotte,MYT,2015,15.52
Melanesia,OWID_MNS,1990,70.73
Melanesia,OWID_MNS,2000,70.63
Melanesia,OWID_MNS,2005,70.58
Melanesia,OWID_MNS,2010,70.5
Melanesia,OWID_MNS,2015,70.46
Mexico,MEX,1990,35.89
Mexico,MEX,2000,34.91
Mexico,MEX,2005,34.51
Mexico,MEX,2010,34.21
Mexico,MEX,2015,33.97
Micronesia (country),FSM,1990,90.96
Micronesia (country),FSM,2000,91.35
Micronesia (country),FSM,2005,91.55
Micronesia (country),FSM,2010,91.74
Micronesia (country),FSM,2015,91.94
Micronesia (region),,1990,58.42
Micronesia (region),,2000,58.44
Micronesia (region),,2005,58.45
Micronesia (region),,2010,58.23
Micronesia (region),,2015,58.01
Middle Africa,,1990,49.5
Middle Africa,,2000,48.36
Middle Africa,,2005,47.79
Middle Africa,,2010,47.16
Middle Africa,,2015,46.68
Moldova,MDA,1990,9.71
Moldova,MDA,2000,9.86
Moldova,MDA,2005,11.05
Moldova,MDA,2010,11.75
Moldova,MDA,2015,12.45
Monaco,MCO,1990,0
Monaco,MCO,2000,0
Monaco,MCO,2005,0
Monaco,MCO,2010,0
Monaco,MCO,2015,0
Mongolia,MNG,1990,8.07
Mongolia,MNG,2000,7.54
Mongolia,MNG,2005,7.28
Mongolia,MNG,2010,8.39
Mongolia,MNG,2015,8.08
Montenegro,MNE,1990,46.54
Montenegro,MNE,2000,46.54
Montenegro,MNE,2005,46.54
Montenegro,MNE,2010,61.49
Montenegro,MNE,2015,61.49
Montserrat,MSR,1990,35
Montserrat,MSR,2000,25
Montserrat,MSR,2005,25
Montserrat,MSR,2010,25
Montserrat,MSR,2015,25
Morocco,MAR,1990,11.1
Morocco,MAR,2000,11.19
Morocco,MAR,2005,12.1
Morocco,MAR,2010,12.71
Morocco,MAR,2015,12.62
Mozambique,MOZ,1990,55.16
Mozambique,MOZ,2000,52.38
Mozambique,MOZ,2005,50.97
Mozambique,MOZ,2010,49.56
Mozambique,MOZ,2015,48.25
Myanmar,MMR,1990,59.64
Myanmar,MMR,2000,53.03
Myanmar,MMR,2005,50.67
Myanmar,MMR,2010,48.32
Myanmar,MMR,2015,44.17
Namibia,NAM,1990,10.64
Namibia,NAM,2000,9.76
Namibia,NAM,2005,9.31
Namibia,NAM,2010,8.85
Namibia,NAM,2015,8.4
Nauru,NRU,1990,0
Nauru,NRU,2000,0
Nauru,NRU,2005,0
Nauru,NRU,2010,0
Nauru,NRU,2015,0
Nepal,NPL,1990,33.6
Nepal,NPL,2000,27.21
Nepal,NPL,2005,25.36
Nepal,NPL,2010,25.36
Nepal,NPL,2015,25.36
Netherlands,NLD,1990,10.22
Netherlands,NLD,2000,10.67
Netherlands,NLD,2005,10.81
Netherlands,NLD,2010,11.05
Netherlands,NLD,2015,11.14
New Caledonia,NCL,1990,45.9
New Caledonia,NCL,2000,45.9
New Caledonia,NCL,2005,45.9
New Caledonia,NCL,2010,45.9
New Caledonia,NCL,2015,45.9
New Zealand,NZL,1990,36.68
New Zealand,NZL,2000,38.51
New Zealand,NZL,2005,38.67
New Zealand,NZL,2010,38.55
New Zealand,NZL,2015,38.56
Nicaragua,NIC,1990,37.51
Nicaragua,NIC,2000,31.69
Nicaragua,NIC,2005,28.79
Nicaragua,NIC,2010,25.88
Nicaragua,NIC,2015,25.88
Niger,NER,1990,1.54
Niger,NER,2000,1.05
Niger,NER,2005,1
Niger,NER,2010,0.95
Niger,NER,2015,0.9
Nigeria,NGA,1990,18.92
Nigeria,NGA,2000,14.42
Nigeria,NGA,2005,12.18
Nigeria,NGA,2010,9.93
Nigeria,NGA,2015,7.68
Niue,NIU,1990,79.23
Niue,NIU,2000,75.38
Niue,NIU,2005,73.46
Niue,NIU,2010,71.54
Niue,NIU,2015,69.62
Norfolk Island,NFK,1990,11.5
Norfolk Island,NFK,2000,11.5
Norfolk Island,NFK,2005,11.5
Norfolk Island,NFK,2010,11.5
Norfolk Island,NFK,2015,11.5
North Korea,PRK,1990,68.11
North Korea,PRK,2000,57.58
North Korea,PRK,2005,52.31
North Korea,PRK,2010,47.06
North Korea,PRK,2015,41.78
Northern Africa,,1990,4.04
Northern Africa,,2000,3.84
Northern Africa,,2005,3.79
Northern Africa,,2010,3.77
Northern Africa,,2015,3.66
Northern Africa and Western Asia,,1990,3.85
Northern Africa and Western Asia,,2000,3.79
Northern Africa and Western Asia,,2005,3.8
Northern Africa and Western Asia,,2010,3.85
Northern Africa and Western Asia,,2015,3.83
Northern America,,1990,34.86
Northern America,,2000,34.89
Northern America,,2005,34.95
Northern America,,2010,35.15
Northern America,,2015,35.21
Northern Europe,,1990,43
Northern Europe,,2000,43.72
Northern Europe,,2005,43.72
Northern Europe,,2010,43.8
Northern Europe,,2015,43.9
Northern Mariana Islands,MNP,1990,73.06
Northern Mariana Islands,MNP,2000,69.49
Northern Mariana Islands,MNP,2005,67.7
Northern Mariana Islands,MNP,2010,65.91
Northern Mariana Islands,MNP,2015,64.12
Norway,NOR,1990,39.87
Norway,NOR,2000,39.81
Norway,NOR,2005,39.74
Norway,NOR,2010,39.77
Norway,NOR,2015,39.81
Oceania,,1990,20.81
Oceania,,2000,20.91
Oceania,,2005,20.77
Oceania,,2010,20.24
Oceania,,2015,20.42
Oceania (excluding Australia and New Zealand),,1990,70.08
Oceania (excluding Australia and New Zealand),,2000,70.15
Oceania (excluding Australia and New Zealand),,2005,70.15
Oceania (excluding Australia and New Zealand),,2010,70.11
Oceania (excluding Australia and New Zealand),,2015,70.07
Oman,OMN,1990,0.01
Oman,OMN,2000,0.01
Oman,OMN,2005,0.01
Oman,OMN,2010,0.01
Oman,OMN,2015,0.01
Pakistan,PAK,1990,3.28
Pakistan,PAK,2000,2.74
Pakistan,PAK,2005,2.47
Pakistan,PAK,2010,2.19
Pakistan,PAK,2015,1.91
Palau,PLW,1990,82.94
Palau,PLW,2000,86.06
Palau,PLW,2005,87.62
Palau,PLW,2010,87.62
Palau,PLW,2015,87.62
Palestine,PSE,1990,1.51
Palestine,PSE,2000,1.51
Palestine,PSE,2005,1.52
Palestine,PSE,2010,1.52
Palestine,PSE,2015,1.52
Panama,PAN,1990,67.8
Panama,PAN,2000,65.47
Panama,PAN,2005,64.33
Panama,PAN,2010,63.21
Panama,PAN,2015,62.11
Papua New Guinea,PNG,1990,72.61
Papua New Guinea,PNG,2000,72.55
Papua New Guinea,PNG,2005,72.52
Papua New Guinea,PNG,2010,72.49
Papua New Guinea,PNG,2015,72.46
Paraguay,PRY,1990,53.25
Paraguay,PRY,2000,48.75
Paraguay,PRY,2005,46.5
Paraguay,PRY,2010,42.66
Paraguay,PRY,2015,38.57
Peru,PER,1990,60.88
Peru,PER,2000,59.49
Peru,PER,2005,59.01
Peru,PER,2010,58.45
Peru,PER,2015,57.79
Philippines,PHL,1990,21.98
Philippines,PHL,2000,23.57
Philippines,PHL,2005,23.72
Philippines,PHL,2010,22.94
Philippines,PHL,2015,26.96
Pitcairn,PCN,1990,74.47
Pitcairn,PCN,2000,74.47
Pitcairn,PCN,2005,74.47
Pitcairn,PCN,2010,74.47
Pitcairn,PCN,2015,74.47
Poland,POL,1990,29
Poland,POL,2000,29.58
Poland,POL,2005,30.04
Poland,POL,2010,30.47
Poland,POL,2015,30.81
Polynesia,OWID_PYA,1990,31.69
Polynesia,OWID_PYA,2000,42.8
Polynesia,OWID_PYA,2005,45.79
Polynesia,OWID_PYA,2010,48.78
Polynesia,OWID_PYA,2015,48.7
Portugal,PRT,1990,38.07
Portugal,PRT,2000,37.04
Portugal,PRT,2005,36.52
Portugal,PRT,2010,35.89
Portugal,PRT,2015,35.25
Puerto Rico,PRI,1990,33.51
Puerto Rico,PRI,2000,52.56
Puerto Rico,PRI,2005,54.05
Puerto Rico,PRI,2010,55.98
Puerto Rico,PRI,2015,57.91
Qatar,QAT,1990,0
Qatar,QAT,2000,0
Qatar,QAT,2005,0
Qatar,QAT,2010,0
Qatar,QAT,2015,0
Reunion,REU,1990,34.8
Reunion,REU,2000,34.8
Reunion,REU,2005,34
Reunion,REU,2010,35.2
Reunion,REU,2015,35.2
Romania,ROU,1990,27.7
Romania,ROU,2000,27.68
Romania,ROU,2005,27.78
Romania,ROU,2010,28.32
Romania,ROU,2015,29.83
Russia,RUS,1990,49.4
Russia,RUS,2000,49.42
Russia,RUS,2005,49.39
Russia,RUS,2010,49.77
Russia,RUS,2015,49.76
Rwanda,RWA,1990,12.89
Rwanda,RWA,2000,13.94
Rwanda,RWA,2005,15.61
Rwanda,RWA,2010,18.08
Rwanda,RWA,2015,19.46
Saint Barthélemy,BLM,1990,0
Saint Barthélemy,BLM,2000,0
Saint Barthélemy,BLM,2005,0
Saint Barthélemy,BLM,2010,0
Saint Barthélemy,BLM,2015,0
Saint Helena,SHN,1990,5.13
Saint Helena,SHN,2000,5.13
Saint Helena,SHN,2005,5.13
Saint Helena,SHN,2010,5.13
Saint Helena,SHN,2015,5.13
Saint Kitts and Nevis,KNA,1990,42.31
Saint Kitts and Nevis,KNA,2000,42.31
Saint Kitts and Nevis,KNA,2005,42.31
Saint Kitts and Nevis,KNA,2010,42.31
Saint Kitts and Nevis,KNA,2015,42.31
Saint Lucia,LCA,1990,35.74
Saint Lucia,LCA,2000,34.75
Saint Lucia,LCA,2005,34.26
Saint Lucia,LCA,2010,33.77
Saint Lucia,LCA,2015,33.28
Saint Martin (French part),MAF,1990,21.19
Saint Martin (French part),MAF,2000,21.19
Saint Martin (French part),MAF,2005,21.19
Saint Martin (French part),MAF,2010,21.19
Saint Martin (French part),MAF,2015,21.19
Saint Pierre and Miquelon,SPM,1990,14.78
Saint Pierre and Miquelon,SPM,2000,13.91
Saint Pierre and Miquelon,SPM,2005,13.04
Saint Pierre and Miquelon,SPM,2010,12.61
Saint Pierre and Miquelon,SPM,2015,12.17
Saint Vincent and the Grenadines,VCT,1990,64.1
Saint Vincent and the Grenadines,VCT,2000,66.67
Saint Vincent and the Grenadines,VCT,2005,66.67
Saint Vincent and the Grenadines,VCT,2010,69.23
Saint Vincent and the Grenadines,VCT,2015,69.23
Samoa,WSM,1990,45.94
Samoa,WSM,2000,60.42
Samoa,WSM,2005,60.42
Samoa,WSM,2010,60.42
Samoa,WSM,2015,60.42
San Marino,SMR,1990,0
San Marino,SMR,2000,0
San Marino,SMR,2005,0
San Marino,SMR,2010,0
San Marino,SMR,2015,0
Sao Tome and Principe,STP,1990,58.33
Sao Tome and Principe,STP,2000,58.33
Sao Tome and Principe,STP,2005,58.33
Sao Tome and Principe,STP,2010,55.83
Sao Tome and Principe,STP,2015,55.83
Saudi Arabia,SAU,1990,0.45
Saudi Arabia,SAU,2000,0.45
Saudi Arabia,SAU,2005,0.45
Saudi Arabia,SAU,2010,0.45
Saudi Arabia,SAU,2015,0.45
Senegal,SEN,1990,48.55
Senegal,SEN,2000,46.22
Senegal,SEN,2005,45.05
Senegal,SEN,2010,44.01
Senegal,SEN,2015,42.97
Serbia,SRB,1990,26.45
Serbia,SRB,2000,28.13
Serbia,SRB,2005,28.31
Serbia,SRB,2010,31.02
Serbia,SRB,2015,31.1
Seychelles,SYC,1990,88.41
Seychelles,SYC,2000,88.41
Seychelles,SYC,2005,88.41
Seychelles,SYC,2010,88.41
Seychelles,SYC,2015,88.41
Sierra Leone,SLE,1990,43.54
Sierra Leone,SLE,2000,40.8
Sierra Leone,SLE,2005,39.43
Sierra Leone,SLE,2010,38.06
Sierra Leone,SLE,2015,42.5
Singapore,SGP,1990,23.36
Singapore,SGP,2000,23.36
Singapore,SGP,2005,23.36
Singapore,SGP,2010,23.36
Singapore,SGP,2015,23.36
Slovakia,SVK,1990,39.97
Slovakia,SVK,2000,39.95
Slovakia,SVK,2005,40.17
Slovakia,SVK,2010,40.32
Slovakia,SVK,2015,40.34
Slovenia,SVN,1990,58.99
Slovenia,SVN,2000,61.22
Slovenia,SVN,2005,61.72
Slovenia,SVN,2010,61.92
Slovenia,SVN,2015,61.97
Small island developing States,,1990,66.82
Small island developing States,,2000,67.25
Small island developing States,,2005,67.44
Small island developing States,,2010,67.61
Small island developing States,,2015,67.81
Solomon Islands,SLB,1990,83.03
Solomon Islands,SLB,2000,81.03
Solomon Islands,SLB,2005,80.06
Solomon Islands,SLB,2010,79.06
Solomon Islands,SLB,2015,78.06
Somalia,SOM,1990,13.2
Somalia,SOM,2000,11.98
Somalia,SOM,2005,11.37
Somalia,SOM,2010,10.75
Somalia,SOM,2015,10.14
South Africa,ZAF,1990,7.61
South Africa,ZAF,2000,7.61
South Africa,ZAF,2005,7.61
South Africa,ZAF,2010,7.61
South Africa,ZAF,2015,7.61
South America,,1990,53.29
South America,,2000,51
South America,,2005,49.73
South America,,2010,48.79
South America,,2015,48.21
South Korea,KOR,1990,65.6
South Korea,KOR,2000,64.76
South Korea,KOR,2005,64.42
South Korea,KOR,2010,64.08
South Korea,KOR,2015,63.69
South Sudan,SSD,1990,11.33
South Sudan,SSD,2000,11.33
South Sudan,SSD,2005,11.33
South Sudan,SSD,2010,11.33
South Sudan,SSD,2015,11.33
South-Eastern Asia,,1990,56.93
South-Eastern Asia,,2000,51.97
South-Eastern Asia,,2005,51.06
South-Eastern Asia,,2010,50.47
South-Eastern Asia,,2015,49.57
Southern Africa,,1990,12.15
Southern Africa,,2000,11.45
Southern Africa,,2005,11.1
Southern Africa,,2010,10.74
Southern Africa,,2015,10.42
Southern Europe,,1990,29.41
Southern Europe,,2000,32.79
Southern Europe,,2005,33.47
Southern Europe,,2010,34.86
Southern Europe,,2015,35.28
Spain,ESP,1990,27.69
Spain,ESP,2000,34.04
Spain,ESP,2005,34.65
Spain,ESP,2010,36.58
Spain,ESP,2015,36.92
Sri Lanka,LKA,1990,36.42
Sri Lanka,LKA,2000,34.95
Sri Lanka,LKA,2005,33.77
Sri Lanka,LKA,2010,33.54
Sri Lanka,LKA,2015,33.01
Sub-Saharan Africa,,1990,30.64
Sub-Saharan Africa,,2000,29.11
Sub-Saharan Africa,,2005,28.41
Sub-Saharan Africa,,2010,27.67
Sub-Saharan Africa,,2015,27.06
Sudan,SDN,1990,12.63
Sudan,SDN,2000,11.69
Sudan,SDN,2005,11.23
Sudan,SDN,2010,10.76
Sudan,SDN,2015,10.29
Suriname,SUR,1990,96.04
Suriname,SUR,2000,95.8
Suriname,SUR,2005,95.67
Suriname,SUR,2010,95.55
Suriname,SUR,2015,95.43
Svalbard and Jan Mayen Islands,,1990,0
Svalbard and Jan Mayen Islands,,2000,0
Svalbard and Jan Mayen Islands,,2005,0
Svalbard and Jan Mayen Islands,,2010,0
Svalbard and Jan Mayen Islands,,2015,0
Swaziland,SWZ,1990,27.44
Swaziland,SWZ,2000,30.12
Swaziland,SWZ,2005,31.45
Swaziland,SWZ,2010,32.73
Swaziland,SWZ,2015,34.07
Sweden,SWE,1990,68.39
Sweden,SWE,2000,68.63
Sweden,SWE,2005,68.77
Sweden,SWE,2010,68.41
Sweden,SWE,2015,68.41
Switzerland,CHE,1990,28.78
Switzerland,CHE,2000,29.85
Switzerland,CHE,2005,30.43
Switzerland,CHE,2010,30.88
Switzerland,CHE,2015,31.35
Syria,SYR,1990,2.03
Syria,SYR,2000,2.35
Syria,SYR,2005,2.51
Syria,SYR,2010,2.67
Syria,SYR,2015,2.67
Tajikistan,TJK,1990,2.94
Tajikistan,TJK,2000,2.95
Tajikistan,TJK,2005,2.95
Tajikistan,TJK,2010,2.95
Tajikistan,TJK,2015,2.97
Tanzania,TZA,1990,63.13
Tanzania,TZA,2000,58.61
Tanzania,TZA,2005,56.36
Tanzania,TZA,2010,54.1
Tanzania,TZA,2015,52
Thailand,THA,1990,27.41
Thailand,THA,2000,33.3
Thailand,THA,2005,31.51
Thailand,THA,2010,31.81
Thailand,THA,2015,32.1
Timor,TLS,1990,64.96
Timor,TLS,2000,57.43
Timor,TLS,2005,53.67
Timor,TLS,2010,49.9
Timor,TLS,2015,46.13
Togo,TGO,1990,12.59
Togo,TGO,2000,8.94
Togo,TGO,2005,7.1
Togo,TGO,2010,5.28
Togo,TGO,2015,3.46
Tokelau,TKL,1990,0
Tokelau,TKL,2000,0
Tokelau,TKL,2005,0
Tokelau,TKL,2010,0
Tokelau,TKL,2015,0
Tonga,TON,1990,12.5
Tonga,TON,2000,12.5
Tonga,TON,2005,12.5
Tonga,TON,2010,12.5
Tonga,TON,2015,12.5
Trinidad and Tobago,TTO,1990,46.92
Trinidad and Tobago,TTO,2000,45.54
Trinidad and Tobago,TTO,2005,44.83
Trinidad and Tobago,TTO,2010,44.13
Trinidad and Tobago,TTO,2015,45.71
Tunisia,TUN,1990,4.14
Tunisia,TUN,2000,5.39
Tunisia,TUN,2005,5.89
Tunisia,TUN,2010,6.37
Tunisia,TUN,2015,6.7
Turkey,TUR,1990,12.5
Turkey,TUR,2000,13.23
Turkey,TUR,2005,13.85
Turkey,TUR,2010,14.56
Turkey,TUR,2015,15.22
Turkmenistan,TKM,1990,8.78
Turkmenistan,TKM,2000,8.78
Turkmenistan,TKM,2005,8.78
Turkmenistan,TKM,2010,8.78
Turkmenistan,TKM,2015,8.78
Turks and Caicos Islands,TCA,1990,80
Turks and Caicos Islands,TCA,2000,80
Turks and Caicos Islands,TCA,2005,80
Turks and Caicos Islands,TCA,2010,80
Turks and Caicos Islands,TCA,2015,80
Tuvalu,TUV,1990,33.33
Tuvalu,TUV,2000,33.33
Tuvalu,TUV,2005,33.33
Tuvalu,TUV,2010,33.33
Tuvalu,TUV,2015,33.33
Uganda,UGA,1990,23.78
Uganda,UGA,2000,19.36
Uganda,UGA,2005,17.16
Uganda,UGA,2010,13.78
Uganda,UGA,2015,10.39
Ukraine,UKR,1990,16.01
Ukraine,UKR,2000,16.41
Ukraine,UKR,2005,16.53
Ukraine,UKR,2010,16.48
Ukraine,UKR,2015,16.67
United Arab Emirates,ARE,1990,2.93
United Arab Emirates,ARE,2000,3.71
United Arab Emirates,ARE,2005,3.73
United Arab Emirates,ARE,2010,3.8
United Arab Emirates,ARE,2015,3.86
United Kingdom,GBR,1990,11.48
United Kingdom,GBR,2000,12.21
United Kingdom,GBR,2005,12.49
United Kingdom,GBR,2010,12.64
United Kingdom,GBR,2015,13
United States,USA,1990,33.01
United States,USA,2000,33.13
United States,USA,2005,33.26
United States,USA,2010,33.7
United States,USA,2015,33.85
United States Virgin Islands,VIR,1990,67.37
United States Virgin Islands,VIR,2000,58.49
United States Virgin Islands,VIR,2005,53.51
United States Virgin Islands,VIR,2010,51.89
United States Virgin Islands,VIR,2015,50.29
Uruguay,URY,1990,4.56
Uruguay,URY,2000,7.83
Uruguay,URY,2005,8.7
Uruguay,URY,2010,9.89
Uruguay,URY,2015,10.54
Uzbekistan,UZB,1990,6.91
Uzbekistan,UZB,2000,7.29
Uzbekistan,UZB,2005,7.48
Uzbekistan,UZB,2010,7.43
Uzbekistan,UZB,2015,7.31
Vanuatu,VUT,1990,36.1
Vanuatu,VUT,2000,36.1
Vanuatu,VUT,2005,36.1
Vanuatu,VUT,2010,36.1
Vanuatu,VUT,2015,36.1
Vatican,VAT,1990,0
Vatican,VAT,2000,0
Vatican,VAT,2005,0
Vatican,VAT,2010,0
Vatican,VAT,2015,0
Venezuela,VEN,1990,58.98
Venezuela,VEN,2000,55.72
Venezuela,VEN,2005,54.09
Venezuela,VEN,2010,53.86
Venezuela,VEN,2015,52.93
Vietnam,VNM,1990,30.2
Vietnam,VNM,2000,37.82
Vietnam,VNM,2005,42.17
Vietnam,VNM,2010,45.56
Vietnam,VNM,2015,47.64
Wallis and Futuna,WLF,1990,41.52
Wallis and Futuna,WLF,2000,41.59
Wallis and Futuna,WLF,2005,41.59
Wallis and Futuna,WLF,2010,41.66
Wallis and Futuna,WLF,2015,41.73
Western Africa,,1990,14.16
Western Africa,,2000,12.82
Western Africa,,2005,12.22
Western Africa,,2010,11.61
Western Africa,,2015,11.07
Western Asia,,1990,3.55
Western Asia,,2000,3.71
Western Asia,,2005,3.82
Western Asia,,2010,3.98
Western Asia,,2015,4.11
Western Europe,,1990,29.28
Western Europe,,2000,30.21
Western Europe,,2005,30.81
Western Europe,,2010,31.39
Western Europe,,2015,31.95
Western Sahara,ESH,1990,2.66
Western Sahara,ESH,2000,2.66
Western Sahara,ESH,2005,2.66
Western Sahara,ESH,2010,2.66
Western Sahara,ESH,2015,2.66
World,OWID_WRL,1990,31.64
World,OWID_WRL,2000,31.08
World,OWID_WRL,2005,30.91
World,OWID_WRL,2010,30.77
World,OWID_WRL,2015,30.65
Yemen,YEM,1990,1.04
Yemen,YEM,2000,1.04
Yemen,YEM,2005,1.04
Yemen,YEM,2010,1.04
Yemen,YEM,2015,1.04
Zambia,ZMB,1990,71.03
Zambia,ZMB,2000,68.78
Zambia,ZMB,2005,67.66
Zambia,ZMB,2010,66.54
Zambia,ZMB,2015,65.42
Zimbabwe,ZWE,1990,57.29
Zimbabwe,ZWE,2000,48.84
Zimbabwe,ZWE,2005,44.61
Zimbabwe,ZWE,2010,40.39
Zimbabwe,ZWE,2015,36.35